review_id,user_id,product_id,rating,review_text,review_date
1,679,403,4,Citizen response world performance ability.,2024-05-21
2,440,203,4,Magazine image growth tax very.,2024-10-06
3,690,193,2,Head left us because inside financial agree give.,2024-08-28
4,218,980,1,Born travel discussion per.,2024-04-06
5,659,287,5,Sometimes ready staff.,2024-01-18
6,450,240,1,We personal dog successful one.,2024-08-13
7,896,724,1,Item bit father lot.,2024-07-28
8,565,520,5,Far spring under write.,2024-01-21
9,151,597,5,Child career close away itself eight conference.,2024-11-15
10,271,442,4,Long study window upon eye truth.,2024-09-11
11,693,376,1,Training season six third name.,2024-09-17
12,786,304,4,Them beyond experience.,2024-10-14
13,947,612,5,Race must almost special high contain.,2024-02-22
14,467,553,5,Guess dog southern sometimes tonight.,2024-06-26
15,277,866,1,Animal upon month.,2024-02-27
16,376,236,4,Human yet interesting industry again.,2024-01-30
17,146,248,2,Human environmental direction special size natural thank.,2024-01-05
18,259,910,1,Weight least yes how within shake.,2024-07-18
19,517,372,2,Senior skin model party necessary team.,2024-10-02
20,681,792,3,Return front act.,2024-05-22
21,545,313,4,More lose whether garden foreign.,2024-08-11
22,880,213,2,Certainly exist explain whole sell card race chance.,2024-06-26
23,430,263,1,Pass billion project.,2024-04-01
24,56,895,1,Paper talk level money.,2024-07-23
25,892,355,4,Throughout down per rest assume listen.,2024-10-10
26,364,682,1,Part however response red condition friend.,2024-11-22
27,4,763,1,Write along door state.,2024-10-14
28,660,602,5,Training decide spring size dog customer generation.,2024-08-28
29,882,65,3,Night since he investment give marriage may.,2024-09-25
30,914,458,5,Whose nor meeting effort.,2024-04-28
31,409,469,5,Nature unit fish popular home new range rich.,2024-04-24
32,498,627,2,If attorney reason too difference pick camera.,2024-10-23
33,88,769,5,Short course bill.,2024-05-15
34,982,966,1,Same shoulder manager yeah.,2024-11-04
35,739,416,3,Him staff learn amount.,2024-02-08
36,11,560,4,Garden summer just suddenly various.,2024-05-05
37,399,566,5,Maybe heavy total.,2024-09-16
38,346,85,4,Our music mother lot.,2024-06-28
39,806,429,3,Clearly almost reason never his month.,2024-11-18
40,208,527,5,Ability like themselves make quickly set.,2024-08-07
41,205,440,5,Already do everyone tree.,2024-02-02
42,402,429,1,Eight real mother night long.,2024-11-22
43,653,911,1,City official painting.,2024-10-27
44,476,177,4,During will research child will parent.,2024-03-31
45,644,282,5,Approach cover or interest.,2024-01-16
46,33,328,5,View table pretty walk consumer table benefit.,2024-02-21
47,596,150,3,High even important catch agent.,2024-07-27
48,521,518,4,Determine share police campaign rather.,2024-08-03
49,447,380,1,Professor put they hold spring.,2024-08-25
50,227,371,1,View all so your allow early civil.,2024-01-06
51,506,123,4,Thank reality bad federal property boy music.,2024-03-12
52,582,465,1,Show sell cultural a.,2024-05-25
53,591,745,4,Law reality energy red popular respond.,2024-10-18
54,272,911,2,To you network tonight half southern area.,2024-01-08
55,835,983,4,Actually industry table feel eight.,2024-11-22
56,183,640,1,Economic discussion million.,2024-11-16
57,948,854,4,Short president year actually suggest human.,2024-01-12
58,505,651,2,Cost carry suddenly.,2024-09-08
59,246,501,2,Prove same join former girl.,2024-11-02
60,246,972,3,Majority risk practice cell toward leg.,2024-09-16
61,186,600,2,Glass room home identify forget worker space.,2024-06-01
62,53,289,1,Resource police majority protect tell.,2024-08-25
63,255,733,2,Forward situation easy sort wind note everyone.,2024-09-09
64,990,697,1,Not how window scientist strategy.,2024-10-13
65,70,598,1,Vote arm since discover light office.,2024-07-30
66,996,681,5,Husband radio animal action health window why.,2024-08-24
67,730,864,4,Bring sign issue strategy bed resource book.,2024-01-22
68,98,628,3,Her spend side effect.,2024-09-28
69,237,425,2,Almost hair popular.,2024-02-21
70,462,962,1,Buy option different security far.,2024-09-14
71,356,337,5,Authority billion bank woman doctor such.,2024-11-17
72,899,60,2,Close future son full population.,2024-08-18
73,759,875,2,Indicate stay return ground likely.,2024-01-28
74,358,621,5,Recognize green run evening car computer.,2024-03-05
75,160,559,4,Couple organization enter for state.,2024-10-04
76,231,735,2,Create save car station employee.,2024-08-23
77,833,966,4,Born human glass understand however how.,2024-05-01
78,837,920,2,Risk avoid east establish bed next call.,2024-08-19
79,53,10,1,Receive since list development.,2024-11-10
80,445,808,4,Worry term become.,2024-05-19
81,414,988,1,Position activity pattern budget seek.,2024-01-30
82,289,437,5,Somebody Mrs walk among already sit play.,2024-02-29
83,735,314,5,As safe we like it.,2024-01-30
84,998,141,1,Address lose for same ball.,2024-06-17
85,786,95,3,Watch require stay force.,2024-05-16
86,894,921,2,Forget product his herself.,2024-09-23
87,311,535,4,See boy major.,2024-02-01
88,563,714,2,Building drop important process police.,2024-06-21
89,833,124,5,During likely investment free performance.,2024-03-30
90,659,517,1,Something mouth always painting.,2024-05-12
91,20,746,3,Finish month board.,2024-11-19
92,238,190,3,Easy much current.,2024-06-05
93,696,934,4,Network various issue subject give.,2024-05-03
94,89,498,5,Box chair five answer.,2024-02-20
95,447,980,4,Yet lead receive east form condition.,2024-09-23
96,832,880,3,Student design large same then her.,2024-11-13
97,372,658,5,Public civil officer camera source design statement.,2024-04-15
98,162,752,2,Scientist before Mrs meet top.,2024-04-17
99,248,348,2,Lead consider western thus.,2024-01-11
100,743,946,4,Art democratic tough.,2024-02-24
101,246,942,5,Her region than.,2024-11-23
102,454,124,5,Arrive condition scientist claim center him.,2024-09-10
103,703,878,4,Cultural democratic material far political.,2024-07-30
104,793,340,1,Cause prove feel sense machine pick section.,2024-11-22
105,984,830,5,Her teacher capital since body mouth bit.,2024-07-06
106,228,177,1,Really practice walk trial treatment east.,2024-03-29
107,734,941,1,Today like entire understand.,2024-09-15
108,859,37,4,Industry wait than form of.,2024-04-21
109,772,860,4,Family score sing structure of safe air.,2024-09-15
110,265,332,4,Sea professional while defense week school.,2024-09-24
111,315,85,3,We every from left.,2024-03-29
112,749,813,3,Four require check yard almost.,2024-07-16
113,125,257,2,Worry painting total door move seat.,2024-06-18
114,158,866,3,Myself job finally morning baby baby.,2024-10-18
115,773,897,1,Past smile power right development.,2024-10-29
116,179,478,2,Give character church effect.,2024-01-15
117,700,46,2,More box end consider chair me young.,2024-05-14
118,43,755,2,Real major simple.,2024-11-13
119,394,130,5,Dog traditional smile.,2024-08-15
120,980,460,3,Tree two best kitchen first see it.,2024-02-18
121,34,639,3,Son majority first election religious.,2024-01-06
122,254,939,3,Break least source building music rather.,2024-05-24
123,26,308,4,Phone morning visit eye billion.,2024-07-10
124,943,702,2,Too Democrat once house.,2024-10-11
125,544,910,1,Speak store if claim body.,2024-10-24
126,870,754,4,Raise see site none too.,2024-08-08
127,978,310,5,Rich report ten act.,2024-01-01
128,954,446,2,Real this investment church civil leave morning.,2024-03-30
129,492,674,3,Development get nature remain air now alone yard.,2024-04-14
130,858,79,2,Later assume challenge amount attorney back.,2024-02-08
131,360,314,4,Tonight reflect half to affect land.,2024-10-03
132,464,525,2,Myself she little nation affect.,2024-10-26
133,106,818,1,Whatever air according vote face.,2024-04-22
134,704,732,2,Image interesting blue clear apply.,2024-10-15
135,607,117,5,Southern lead agree might across start program.,2024-09-02
136,275,780,4,Almost make data its.,2024-08-29
137,964,995,2,Glass girl culture side.,2024-08-25
138,645,741,3,Forget over practice.,2024-02-10
139,602,245,2,Government score idea no.,2024-04-23
140,195,255,5,Look customer yourself name heart kitchen final.,2024-07-30
141,148,806,2,Receive live try inside enter write family.,2024-11-14
142,738,880,1,Safe local why help town admit trip cause.,2024-09-19
143,17,669,2,Put song include think story owner.,2024-10-31
144,332,784,5,Career magazine fast collection my.,2024-06-30
145,380,879,5,Civil since site property purpose necessary cell action.,2024-01-05
146,735,30,5,Concern television religious concern why always.,2024-07-15
147,432,130,5,Safe thing page store outside.,2024-11-24
148,280,730,5,Laugh why authority would mind.,2024-05-01
149,312,697,5,Try word TV take up personal good thus.,2024-08-23
150,486,321,2,Well receive hot.,2024-01-08
151,736,946,4,Fight pull offer store.,2024-10-21
152,475,343,2,Feel maybe everything character care.,2024-08-13
153,146,685,5,Smile budget month.,2024-10-28
154,964,388,2,It physical room nothing conference trouble artist.,2024-05-18
155,805,113,1,Easy Democrat citizen hold.,2024-11-16
156,127,126,3,Collection sing music provide begin.,2024-02-13
157,181,423,4,Bed need your get dark probably.,2024-07-08
158,156,246,5,Opportunity various shake area.,2024-11-09
159,314,213,2,Strong expect performance rock class top.,2024-10-16
160,106,396,5,Tree action world specific board affect.,2024-10-25
161,279,294,1,Very find give country news yeah heart.,2024-09-25
162,922,168,2,Pressure travel with Mrs.,2024-08-21
163,404,650,4,Gas politics often choose stage such.,2024-04-09
164,489,322,4,New allow individual air daughter.,2024-07-10
165,122,1000,3,Beat see pressure popular as.,2024-06-06
166,271,21,4,System ground catch property mouth idea article.,2024-09-28
167,110,267,3,Marriage people rule hundred about likely study.,2024-03-28
168,145,555,1,New resource reason to modern.,2024-06-30
169,238,775,5,Half push than.,2024-07-13
170,645,990,4,Part blue hour free without.,2024-02-02
171,793,800,3,Program eat investment animal I down between.,2024-09-22
172,846,906,5,North agreement fill reason.,2024-06-12
173,41,444,5,Story movement much law wear himself.,2024-02-17
174,672,903,4,Important himself open teach.,2024-08-06
175,179,888,1,Product doctor stop film that.,2024-03-30
176,977,419,4,Hot light federal summer something article.,2024-03-18
177,26,886,2,Sign pattern try thus set.,2024-08-09
178,820,375,2,Two upon here defense among list.,2024-09-19
179,405,659,2,Laugh college compare man house experience.,2024-09-02
180,892,866,4,Oil nor particular phone.,2024-03-21
181,281,959,3,Offer question business eye clearly ask live own.,2024-06-20
182,714,8,3,Though gun morning manager rich good per.,2024-07-06
183,674,639,1,Believe beautiful and become moment firm agree.,2024-06-04
184,32,424,2,Group three traditional meet whole specific.,2024-06-05
185,220,814,3,Throughout then voice bit enter book.,2024-08-04
186,640,494,5,Skin election help better realize student.,2024-01-25
187,541,461,3,Camera meeting nature might program stage.,2024-07-06
188,794,935,1,Mrs start over develop.,2024-01-18
189,292,77,5,Third town culture guess break specific area.,2024-07-02
190,300,953,5,Good direction plan surface scientist record.,2024-02-07
191,696,998,2,Early just behind again test treat expect.,2024-04-28
192,35,299,3,Condition body set safe economic thought.,2024-09-28
193,522,955,2,Walk provide water buy our professor for section.,2024-02-03
194,441,954,2,Perhaps guy her present side.,2024-10-08
195,711,743,4,Responsibility sing total girl front class high season.,2024-06-24
196,50,416,5,Blood weight catch these.,2024-08-14
197,591,893,4,Born move until return.,2024-04-17
198,424,512,1,Author crime total others thousand that from.,2024-01-27
199,382,966,5,Against understand after by.,2024-04-28
200,253,415,1,Can structure loss open college.,2024-05-09
201,336,974,2,However suddenly analysis test attorney without risk.,2024-06-05
202,589,866,1,First daughter month.,2024-05-08
203,145,537,5,Hope shoulder own how rather to same.,2024-04-24
204,788,425,2,Ask process support office.,2024-07-19
205,158,925,5,Fish serve get church everybody.,2024-09-11
206,701,311,3,Manage consider tax hour beautiful.,2024-06-11
207,956,328,2,Spend again almost deep thank.,2024-07-13
208,277,641,5,Likely money forward how something.,2024-04-20
209,550,263,3,Hundred any voice now system do.,2024-02-03
210,174,915,1,Option minute data yet sea course back.,2024-08-03
211,206,583,2,Raise idea score party.,2024-07-15
212,166,203,2,Back daughter military letter need rather evidence give.,2024-06-13
213,238,664,2,Station save data Congress five because.,2024-03-18
214,90,651,2,House cell develop night.,2024-09-18
215,988,567,5,Usually mission collection hard probably population.,2024-03-05
216,143,957,5,Court cultural I measure fund go.,2024-11-13
217,948,521,2,Wonder level light month.,2024-06-23
218,457,79,5,Talk policy leader any.,2024-01-29
219,50,430,3,During development thought air chance.,2024-01-26
220,103,104,5,Within home brother heart school no line.,2024-03-07
221,228,613,5,North place soon current positive if.,2024-06-25
222,912,447,5,However reach course material.,2024-02-21
223,606,271,2,Address effort source there miss guess.,2024-09-24
224,578,784,2,Every store positive already.,2024-10-13
225,501,807,5,Dream news reason mother music continue our.,2024-05-12
226,909,545,5,Book rock face against although.,2024-07-15
227,745,795,5,Sister laugh I agreement difference break although.,2024-02-10
228,686,86,2,Moment relate pretty bar his newspaper.,2024-04-28
229,615,833,1,Civil huge another face official history.,2024-04-18
230,53,175,5,Dark successful study tough.,2024-01-05
231,645,977,2,Drop eye sound north pretty place.,2024-04-22
232,953,946,5,Onto doctor field economic serious imagine figure.,2024-04-19
233,133,561,4,Politics Mrs along wonder service into.,2024-02-20
234,806,999,3,This practice star site.,2024-10-23
235,792,743,2,Behind risk detail policy enter PM.,2024-08-12
236,742,597,5,Until woman writer power after your.,2024-01-22
237,807,857,1,Wrong admit serious choose adult.,2024-06-17
238,884,380,2,Fly name floor along provide later.,2024-08-20
239,941,329,1,Address when so black also bar pay.,2024-11-14
240,282,864,1,After music best thought time.,2024-07-11
241,454,397,1,Week significant serve city.,2024-09-27
242,680,798,3,Policy process as hour hair federal include direction.,2024-03-18
243,479,958,5,Skin matter cultural trouble.,2024-11-06
244,512,229,1,Minute develop PM happen fly statement.,2024-10-28
245,250,115,4,Only customer improve force common board.,2024-10-18
246,502,570,5,Than age way help ago.,2024-09-20
247,970,751,4,Sense trouble sign work.,2024-05-17
248,141,374,1,Study four election throughout again significant scientist.,2024-11-01
249,91,11,2,Director reality themselves effect.,2024-06-28
250,942,941,3,Nor miss throw blue state floor arrive.,2024-07-04
251,210,899,4,Probably push color move.,2024-10-27
252,571,555,4,Heart west move north.,2024-01-31
253,987,199,5,Center growth during per table authority mind him.,2024-10-07
254,853,203,3,Pull evidence around foot.,2024-11-08
255,217,219,3,Under other beat kitchen finish camera.,2024-05-17
256,304,546,3,Natural home quickly interest environmental bed.,2024-10-17
257,816,785,1,Business green enter us weight.,2024-01-06
258,331,225,4,From section home team.,2024-10-03
259,595,913,3,Rich cultural offer ten green.,2024-07-08
260,150,624,5,Dinner stock campaign senior various article.,2024-07-23
261,268,362,3,Series part forget bring change month.,2024-05-01
262,605,508,3,Suffer though your effort wear heavy.,2024-07-26
263,992,610,5,Than somebody believe third suffer.,2024-02-11
264,268,43,1,Certain question early.,2024-02-28
265,101,422,4,Watch past after little partner them.,2024-04-23
266,876,339,2,Under no spring as.,2024-08-31
267,288,558,5,Quite media house.,2024-09-29
268,612,884,5,Pm wish long themselves behind condition just whether.,2024-10-28
269,771,359,1,Girl hope plan form cultural forward everyone.,2024-03-11
270,758,266,3,Deal structure environment article herself green.,2024-05-07
271,778,560,2,Street president same enter ball nothing everything.,2024-06-17
272,920,46,3,Close hot hospital property growth.,2024-06-01
273,958,63,3,Account similar bring sure wear ago several.,2024-03-03
274,101,601,2,Despite member under even describe serious score.,2024-10-26
275,852,656,3,Ever mother which indeed image long.,2024-10-30
276,929,103,4,Garden but figure financial across.,2024-09-29
277,536,231,5,Return fund anything perform fill expert.,2024-07-03
278,195,615,4,Factor perform skin word follow property develop.,2024-05-17
279,123,181,5,Pass wife particularly ready morning indeed American.,2024-07-09
280,342,619,2,Could write region network final wonder center.,2024-01-01
281,333,456,4,Involve language training answer plan.,2024-11-05
282,491,565,4,Within never hold peace that.,2024-07-30
283,31,723,1,Bank order something write develop media.,2024-11-13
284,562,691,3,Doctor never often economic challenge.,2024-04-17
285,660,943,2,Candidate assume get check serious.,2024-08-09
286,370,619,5,Discuss argue opportunity painting maybe explain.,2024-10-27
287,439,761,1,Send interesting argue husband item individual.,2024-06-16
288,685,846,5,Performance debate together government.,2024-09-11
289,195,597,5,On anyone trial what order down.,2024-06-02
290,126,561,2,Thus from save event how strong education moment.,2024-06-20
291,717,237,2,Sing according speak more.,2024-09-16
292,780,918,2,State support action and here check good.,2024-04-06
293,648,211,3,Friend teach yes choose.,2024-01-12
294,394,100,5,Official blood development form community less.,2024-09-09
295,110,137,4,Give ground talk simple nothing across community.,2024-08-24
296,954,7,2,Specific fast ahead work suggest show fill.,2024-01-23
297,530,729,3,What maintain another base.,2024-11-25
298,429,226,3,Along cold study pressure war anyone and.,2024-06-29
299,906,962,1,South cover political your.,2024-11-25
300,904,300,2,Born nature sea.,2024-08-27
301,356,594,1,Never along stop report.,2024-06-28
302,868,732,4,Politics series necessary address.,2024-01-26
303,627,561,2,Want activity recent yes process.,2024-04-13
304,217,736,4,Fine large his student impact player certain.,2024-10-12
305,263,774,2,Lead might vote ahead hear.,2024-01-24
306,522,430,3,Different hold politics room produce right.,2024-10-20
307,819,29,3,Possible be billion one war.,2024-11-25
308,307,791,4,Billion human share yeah standard.,2024-09-16
309,708,248,4,Personal yes stock establish.,2024-02-25
310,516,259,5,Daughter along structure answer.,2024-04-17
311,210,280,4,Painting audience at manager sport yard space.,2024-07-03
312,482,488,2,Head environmental might modern walk song ball.,2024-06-30
313,289,460,3,Run here pressure allow design.,2024-07-26
314,378,382,2,Heavy crime summer trip include collection during.,2024-11-09
315,205,726,5,Drop fall travel cut sure Congress.,2024-05-02
316,618,942,3,Just share interview say picture result image.,2024-09-25
317,608,666,2,Seek professor degree painting her seat network of.,2024-01-16
318,380,430,2,Us unit catch president sign bed.,2024-02-19
319,574,721,1,Section challenge image piece.,2024-07-12
320,211,280,3,Field avoid always best few.,2024-02-08
321,371,866,5,Heavy light any beat budget themselves environmental.,2024-07-18
322,449,726,2,Send speech explain see include.,2024-07-11
323,763,530,5,Nature call help contain fly with available throw.,2024-10-04
324,155,946,2,Cost shoulder interview hundred structure specific.,2024-01-18
325,604,552,2,Break couple minute this computer test decade.,2024-06-02
326,395,527,5,System allow store light onto study.,2024-11-03
327,647,372,5,Write health so soldier before cost watch.,2024-10-03
328,290,98,4,Wear no drug might most.,2024-06-14
329,889,910,2,Ever ever eat author job card.,2024-05-06
330,753,351,1,Still environmental relationship collection body citizen son.,2024-02-07
331,880,13,3,Allow commercial use if fact.,2024-09-12
332,327,862,3,Feeling down kind between shoulder tonight.,2024-02-21
333,603,318,3,Hand rather fire door shake read.,2024-10-18
334,604,753,5,Different economic window material.,2024-09-24
335,122,390,5,Whether baby thought list.,2024-07-10
336,86,783,1,Serious likely although bit.,2024-03-30
337,80,845,4,Beyond phone feeling born street.,2024-08-15
338,167,395,1,Moment way pretty decide window billion.,2024-05-27
339,276,909,5,Create scientist discuss focus.,2024-08-19
340,896,719,4,Investment accept huge business wall.,2024-10-09
341,126,184,1,Perform try chance finish approach artist stay those.,2024-11-03
342,534,493,5,Positive campaign ready skill success together remain.,2024-06-13
343,186,650,3,Message end young.,2024-01-14
344,239,528,5,Environmental everyone fund assume.,2024-07-05
345,971,92,2,Than same director step adult along.,2024-03-09
346,764,503,3,Style writer both budget cup film mouth.,2024-04-20
347,18,671,1,Increase travel message though color fire.,2024-01-09
348,118,977,1,Surface physical his.,2024-03-17
349,774,454,4,Project floor good raise phone though community.,2024-05-01
350,708,415,4,Blue raise training moment before body itself.,2024-08-07
351,899,446,5,Late box really professor wait per.,2024-11-13
352,844,143,3,Above seven bank along.,2024-03-02
353,520,901,5,Physical minute free reason.,2024-10-08
354,859,283,2,Ago really stage history apply ability would.,2024-03-08
355,381,309,3,Threat manage soldier each eight.,2024-01-17
356,30,453,3,Sit arrive color effort decide my.,2024-09-15
357,327,499,1,Base have raise full my material.,2024-05-23
358,602,743,2,Somebody machine service audience.,2024-09-30
359,619,228,4,Lay benefit very food meet.,2024-10-09
360,171,541,2,Base thousand style official quality leave above.,2024-10-05
361,355,985,4,Serious option card government side necessary.,2024-01-21
362,633,779,4,Memory soon bank goal.,2024-01-24
363,462,339,2,Training green hand since money.,2024-07-10
364,445,172,1,Reality city poor least the rock.,2024-10-31
365,156,259,5,South fight size realize and recognize he method.,2024-10-20
366,782,779,1,Wonder hotel international democratic industry save.,2024-07-01
367,911,458,1,Miss us human involve place morning expect.,2024-03-14
368,363,856,3,Police perhaps age tonight policy performance perform.,2024-06-04
369,433,12,5,Inside stock cause star baby.,2024-05-19
370,388,836,3,Race amount at must.,2024-04-19
371,974,543,3,Lay explain without expert marriage beautiful manage article.,2024-02-14
372,609,832,1,Fly during real wide talk perhaps.,2024-03-25
373,537,919,5,Pm clearly wrong arrive assume international own gas.,2024-01-27
374,417,879,5,Add try key professor purpose want bit animal.,2024-03-19
375,672,495,5,Degree stock fund hospital affect from write.,2024-07-22
376,874,476,5,Enter itself seek everybody room tell administration.,2024-08-05
377,582,957,5,Mrs include herself cultural turn land herself front.,2024-07-02
378,66,595,5,Rest theory however base from success.,2024-11-09
379,544,368,1,Interview maintain attorney whose serve ok against.,2024-03-02
380,927,423,4,Old attention help particular fish.,2024-11-11
381,496,972,3,Sign list least office my six.,2024-05-29
382,800,9,1,Education difficult have compare education.,2024-09-19
383,486,32,3,Conference than attention yeah.,2024-04-30
384,411,820,1,Sense option provide hospital history sign major career.,2024-08-29
385,791,919,1,Gun major machine bill order she.,2024-03-31
386,120,734,3,Tree must read.,2024-04-13
387,542,216,5,Discussion significant TV cause rise.,2024-01-14
388,379,450,3,American month source economy song church fact.,2024-05-24
389,235,244,2,Argue hair bar agency agree.,2024-02-07
390,582,786,5,Institution level happen should may modern.,2024-09-23
391,394,644,2,Letter several write option system soldier.,2024-02-05
392,110,769,1,Old grow environmental sometimes.,2024-03-03
393,637,104,3,Item provide lead little culture everything.,2024-08-16
394,116,800,3,Staff near try forget wall within drive.,2024-04-12
395,976,764,5,Risk bit child baby break read.,2024-09-19
396,975,93,1,Trouble than develop even.,2024-04-06
397,933,631,5,Behind sure entire everything marriage why.,2024-06-06
398,519,174,4,Apply finish improve attention require executive stop.,2024-02-02
399,347,375,5,Scientist through realize right member.,2024-05-27
400,451,470,5,Case effect style imagine be machine.,2024-06-17
401,458,869,1,Actually citizen building little play weight most.,2024-06-14
402,776,594,4,True two might agency.,2024-05-22
403,761,541,3,Impact husband attention anything.,2024-04-11
404,432,730,2,Build about program.,2024-09-22
405,38,790,3,Interest although series draw.,2024-02-12
406,417,305,3,Bad system land shake name enjoy.,2024-09-28
407,971,365,2,Training throughout realize team give win.,2024-11-25
408,15,165,5,Federal worry themselves case.,2024-07-05
409,611,597,4,Themselves I specific early southern walk.,2024-08-27
410,854,295,4,Walk realize personal.,2024-08-08
411,171,352,4,Yeah summer upon job.,2024-06-10
412,534,582,4,Baby pattern work figure herself government.,2024-06-30
413,445,638,1,Begin bank only ready politics.,2024-11-15
414,333,39,2,At head movie actually society enough try style.,2024-04-11
415,730,156,5,Car doctor type activity their.,2024-04-15
416,373,410,2,Cup how describe.,2024-10-08
417,117,35,5,As feeling goal use fear million expect.,2024-10-05
418,249,517,1,Ability pull oil wrong.,2024-01-02
419,781,747,4,Husband just right indicate section special.,2024-05-12
420,289,681,1,Science hold hand protect pull cell first road.,2024-03-06
421,553,947,1,Various high drug name mention because.,2024-04-29
422,188,31,1,Art for window.,2024-06-05
423,497,405,1,Never interesting human look.,2024-02-17
424,8,987,3,Low now approach human hour return never.,2024-09-28
425,252,30,3,Cut plant whole.,2024-10-02
426,583,207,3,Air nice account safe walk else rest.,2024-08-09
427,538,102,3,Risk we buy onto I.,2024-02-24
428,833,936,4,Little well door resource information stop early southern.,2024-09-01
429,242,922,4,Yet finally enjoy of window list.,2024-01-16
430,40,52,3,Medical garden how control.,2024-10-03
431,383,921,5,Threat color authority they to.,2024-04-17
432,167,104,1,Hold major arm third staff drug through minute.,2024-11-09
433,467,335,5,Different PM outside teach outside personal boy.,2024-09-05
434,476,720,5,Television speak from so matter fine number.,2024-11-01
435,38,741,3,Peace understand cut technology.,2024-10-25
436,299,101,3,Call lose even what quality church PM unit.,2024-10-02
437,714,261,1,Party card involve role risk.,2024-05-15
438,768,38,1,Perhaps improve hundred in few food role reach.,2024-11-15
439,310,570,2,Hot treat fly away yet imagine little.,2024-04-29
440,805,89,5,Much real car box.,2024-11-27
441,441,20,4,Effort miss top firm likely inside address later.,2024-02-02
442,519,58,1,Education your face music.,2024-07-23
443,759,573,4,Figure perform responsibility fire author camera leave some.,2024-08-04
444,862,461,1,Design big themselves just feel agent.,2024-01-04
445,840,887,2,Spring whether everyone push action shake safe.,2024-02-17
446,737,649,3,Imagine executive ten able large.,2024-01-22
447,873,392,3,Respond wide would plan her laugh.,2024-04-24
448,612,437,2,Once hair could.,2024-06-21
449,6,467,1,Television short medical reason.,2024-09-20
450,65,539,3,Thought yourself wind best learn support protect.,2024-07-05
451,311,706,1,Ball itself will west vote general reduce enjoy.,2024-05-30
452,479,475,5,Wait wear yeah finally enough range.,2024-05-22
453,448,47,1,Public cut by up camera.,2024-09-22
454,219,499,2,Do TV hundred certainly almost hold.,2024-02-21
455,288,417,5,Assume front change house though plant.,2024-02-03
456,9,656,4,Believe between seat industry approach animal military.,2024-05-10
457,331,432,1,Piece state easy reason high herself agreement.,2024-10-13
458,93,434,3,Ready step their long nothing.,2024-01-02
459,431,999,5,Or building may daughter religious ready young.,2024-06-18
460,409,606,1,Never style on brother thought enter leave.,2024-06-08
461,375,631,4,Agent line yet approach director.,2024-11-07
462,957,722,5,Drive leader station possible per development answer.,2024-01-14
463,660,510,4,Inside beat check call space.,2024-09-01
464,693,931,1,Dog economic address agreement.,2024-08-10
465,788,524,1,Strategy third than cost hair final.,2024-08-26
466,161,543,1,Generation yet discussion subject now accept day.,2024-04-06
467,373,299,3,Report federal side oil.,2024-11-02
468,264,391,4,Room represent common eat where through movie.,2024-10-12
469,577,473,3,Big reach whom environmental.,2024-02-21
470,250,9,3,Moment away nearly car.,2024-08-25
471,40,991,2,Wonder impact great everybody.,2024-02-27
472,281,615,1,Marriage commercial high require.,2024-03-04
473,765,924,3,In structure significant agency phone.,2024-01-13
474,134,271,3,Type important officer hundred.,2024-01-20
475,595,793,2,Common sell stock arm arm continue form.,2024-07-02
476,758,425,1,Machine north prove red sort policy democratic.,2024-05-30
477,571,226,4,Technology exactly happen student.,2024-06-27
478,800,357,1,Child parent different American hold quality on.,2024-09-27
479,510,674,5,Attention staff thus partner indeed dinner.,2024-01-13
480,578,751,4,Little story little crime.,2024-05-26
481,539,784,1,Same may person expect poor process too three.,2024-07-13
482,779,692,4,Actually air quickly place sister one.,2024-08-07
483,902,864,2,Set water begin agency effort north analysis.,2024-09-14
484,330,494,4,Choose business soldier task write back yeah foreign.,2024-04-29
485,113,231,3,Author system Congress reason quickly leg pick.,2024-04-07
486,552,748,2,Second later expert say.,2024-01-05
487,884,632,3,Production century other offer six do.,2024-04-13
488,907,797,2,Heart to public first maintain third.,2024-01-21
489,103,248,5,Although religious ability past card expert say.,2024-11-17
490,278,75,5,Quite black along down rather week.,2024-06-03
491,23,943,1,Never day wear clear fall.,2024-04-05
492,702,302,4,Speech study certainly before.,2024-04-02
493,331,330,2,Another main candidate want.,2024-09-26
494,728,46,5,Respond growth eye.,2024-08-28
495,820,689,4,Free fast establish middle.,2024-05-25
496,916,471,2,Student top common without situation certainly campaign general.,2024-06-21
497,131,189,5,Enter best several.,2024-01-26
498,381,919,4,Third will close entire reveal.,2024-08-04
499,915,925,3,Artist police run manager nation.,2024-07-27
500,467,452,5,Weight decade deal easy much others.,2024-07-12
501,144,373,5,Class much out western car society sometimes.,2024-11-23
502,308,322,5,Method feel government part personal wish avoid.,2024-05-13
503,559,305,2,Quality person lose market set student thing ready.,2024-06-25
504,42,524,5,Industry former remember name arrive table.,2024-09-10
505,207,281,3,No each scene.,2024-05-15
506,334,99,2,Alone whole author professor.,2024-11-10
507,57,820,1,Debate special role always fight purpose.,2024-02-08
508,576,347,5,Development capital ahead model.,2024-05-01
509,683,313,4,Loss account citizen audience might maintain better.,2024-06-03
510,661,695,1,Society reveal provide sister health election stage.,2024-04-21
511,162,135,4,Situation stand leader draw see place language.,2024-04-05
512,754,884,3,Executive actually two away.,2024-05-05
513,401,709,1,Back down degree good enjoy actually enjoy.,2024-01-17
514,884,247,3,Vote price PM radio become sense.,2024-04-06
515,144,592,2,Condition marriage no number including save rather.,2024-05-09
516,27,220,3,Energy line interview see style operation could.,2024-07-12
517,83,524,2,Himself describe wish.,2024-02-02
518,30,425,2,Traditional what growth recently road himself.,2024-07-12
519,749,871,5,Rate month room bring fund sort interest.,2024-02-15
520,727,168,1,Against car as hotel others particular plant.,2024-04-22
521,456,693,3,History by order name produce.,2024-06-19
522,916,564,3,Several have like perform project just your.,2024-07-21
523,513,596,5,Middle later organization listen.,2024-09-10
524,399,319,3,Until however back rest peace win lot.,2024-08-01
525,6,14,4,Mind or can interesting.,2024-01-12
526,142,399,4,Full writer early there start into poor wall.,2024-06-15
527,30,539,4,Generation place school couple mean back.,2024-08-30
528,951,55,4,Start fire rather teach party they road.,2024-02-03
529,261,164,2,Year soldier body choice modern ago.,2024-02-25
530,83,5,1,Them Mrs trouble seven difficult one similar.,2024-07-22
531,902,33,3,Church season floor decision without.,2024-04-23
532,471,155,4,Production power around thing happen.,2024-05-17
533,600,444,3,Cultural while others discussion serve.,2024-07-08
534,486,305,4,Chance smile peace last event cause.,2024-11-24
535,690,221,2,Oil follow similar miss test.,2024-10-25
536,675,638,3,Reality assume play response decade.,2024-06-29
537,623,971,1,Happen do east cold.,2024-06-01
538,561,418,4,Goal quality but lawyer.,2024-06-29
539,678,19,3,Democratic certain forget owner.,2024-08-24
540,543,889,3,Something campaign exist state soon admit time group.,2024-11-24
541,573,282,5,Job nearly keep trial piece everything light.,2024-04-20
542,589,88,1,Use since over summer hope mean.,2024-03-07
543,225,265,2,True always plant fast.,2024-10-20
544,223,38,4,Environmental spring three true teach but current lot.,2024-06-16
545,999,439,2,No bring value.,2024-06-17
546,716,932,3,Positive college bill government laugh much.,2024-04-05
547,926,126,4,So gas newspaper company.,2024-04-30
548,222,228,3,Feel main reflect debate.,2024-08-23
549,521,336,1,Establish politics health leave.,2024-03-05
550,228,739,3,Nor may themselves article decide dark.,2024-03-27
551,402,312,1,Firm off maybe today keep part.,2024-05-08
552,166,532,4,Lawyer sign American serve president money.,2024-06-26
553,441,864,1,Word little may leave detail on hair.,2024-08-29
554,998,19,3,Condition might discuss resource.,2024-02-13
555,893,992,3,Television number buy focus control money.,2024-10-22
556,469,552,5,Full region analysis.,2024-02-08
557,758,104,3,Stop general husband sound star institution.,2024-05-11
558,880,557,2,Democratic process marriage citizen space where another economy.,2024-02-28
559,108,274,3,Force relationship catch body care happy firm.,2024-05-23
560,672,307,2,Response expert conference send risk popular peace.,2024-03-23
561,942,98,1,Decision test new teach art building growth.,2024-01-18
562,296,991,1,Claim responsibility feel blood benefit few.,2024-03-24
563,727,306,3,Reach run growth get.,2024-01-09
564,285,674,3,Reveal teach science reach southern her.,2024-06-09
565,638,451,1,Almost message TV involve instead project.,2024-03-23
566,87,823,3,Certainly seek board situation responsibility meet by design.,2024-03-08
567,67,473,4,Color response receive live heavy fear senior.,2024-08-05
568,606,18,5,Sell first lawyer lose foreign.,2024-02-22
569,548,353,2,Difference there administration learn.,2024-09-23
570,871,391,4,Mouth me ready day his organization.,2024-04-22
571,461,625,5,Institution least believe.,2024-02-24
572,678,115,1,Blood young beyond.,2024-11-10
573,758,371,3,Nation under sister second describe different three.,2024-06-29
574,527,654,2,While treatment area religious true.,2024-02-01
575,230,570,4,Recent feeling ago rise item imagine.,2024-05-26
576,755,612,5,Town happen fall talk until could.,2024-09-28
577,572,340,1,Concern seem number why approach test.,2024-07-09
578,533,289,1,Beyond power assume we tax.,2024-11-18
579,24,82,5,Treat near close future.,2024-11-13
580,130,168,3,Doctor second consider.,2024-11-05
581,711,84,2,Mr individual industry take.,2024-11-11
582,93,966,1,Threat order child usually build before.,2024-07-19
583,7,143,4,Task maintain lawyer we.,2024-02-20
584,482,264,3,Wind you beat marriage strong performance.,2024-11-14
585,306,672,5,Law energy might pay recognize provide three on.,2024-06-27
586,848,676,3,Production travel fight.,2024-06-20
587,315,285,1,Each space financial wrong church spring share together.,2024-04-23
588,652,502,5,Race point Mr.,2024-02-03
589,340,121,2,Help more window you wall campaign.,2024-07-15
590,808,19,5,Outside simply thought growth.,2024-03-29
591,959,770,4,Majority open exist base baby.,2024-08-18
592,298,544,2,Draw only wide source education.,2024-07-01
593,546,900,4,Computer hospital major cut building must.,2024-08-06
594,91,557,4,Make through none with.,2024-03-06
595,677,501,3,Above deep parent remember show or.,2024-04-11
596,475,979,1,Example why speak particularly.,2024-11-20
597,665,312,2,Everything real financial respond.,2024-09-16
598,158,460,2,Dream this successful not.,2024-11-25
599,840,306,5,Ever continue something there offer challenge occur son.,2024-07-26
600,996,262,4,Opportunity mission reflect.,2024-05-25
601,478,996,2,Tough large operation check.,2024-11-12
602,414,643,2,Common teacher arm pull his.,2024-10-14
603,431,786,3,Rock best probably nearly authority memory event.,2024-09-22
604,141,736,1,Upon staff they seek others.,2024-04-27
605,275,52,3,Partner else particular without could.,2024-03-29
606,6,932,5,Stand center attorney enjoy response view itself.,2024-05-08
607,897,465,3,Around available person student.,2024-01-28
608,582,50,2,None myself sometimes factor community old minute.,2024-03-11
609,780,975,3,Thank main medical say someone live wrong.,2024-03-22
610,501,518,1,Show customer certainly seven go get agreement involve.,2024-09-03
611,254,735,3,Others traditional career full system sense laugh.,2024-11-10
612,299,969,2,Set office defense arrive far public writer.,2024-02-24
613,344,554,2,Fast attorney answer relate represent ahead.,2024-01-16
614,397,697,3,Tend theory growth ten.,2024-11-26
615,380,321,4,Weight western fine center tough.,2024-01-12
616,378,480,1,Down strong skin break career what.,2024-09-13
617,464,392,5,Either conference have.,2024-10-19
618,10,858,3,Sell cause huge religious industry land.,2024-10-03
619,172,198,1,Dog ground keep American charge remember ok Democrat.,2024-06-07
620,682,327,2,Reduce lay forward eye week fire else.,2024-07-27
621,347,96,1,Must painting teacher international.,2024-10-03
622,87,650,2,Type way by then opportunity.,2024-03-12
623,968,393,1,Some wonder including sister spend lay.,2024-07-15
624,849,623,1,See let budget at in book it during.,2024-05-17
625,976,580,3,Amount call eat final necessary painting.,2024-09-24
626,672,258,5,Generation explain memory across tax choice page.,2024-01-23
627,281,199,1,Speak civil image television follow at.,2024-07-27
628,532,865,1,Rock push begin million exist worker.,2024-05-26
629,634,634,4,Ask age citizen member anyone page support.,2024-06-10
630,952,340,5,Yourself quality property member some.,2024-11-21
631,593,106,5,Rest left whose effect child we.,2024-04-08
632,380,834,5,Charge scientist blood picture onto watch.,2024-02-29
633,589,375,2,Look marriage officer campaign finish end.,2024-01-06
634,544,462,1,Senior let author main executive generation.,2024-06-23
635,393,440,5,Those blood really edge price organization bill.,2024-11-22
636,179,344,4,Deal near accept major option box indeed.,2024-07-11
637,295,767,2,Work sister set will tree.,2024-02-20
638,582,750,3,Last fear street true operation.,2024-02-06
639,421,186,2,Sell collection food professor.,2024-08-18
640,236,917,1,Hotel smile simply middle.,2024-07-17
641,540,971,4,Position sell loss whether street purpose media.,2024-04-16
642,528,919,1,Outside various politics include leg.,2024-01-24
643,299,818,4,Kind police song good red quickly southern.,2024-03-01
644,190,508,2,When artist operation generation recently case Mr.,2024-05-22
645,194,149,4,Sell decade large wonder our.,2024-06-17
646,979,192,3,How father technology Mrs region.,2024-04-12
647,803,622,1,Moment purpose significant.,2024-11-06
648,700,107,5,Long recent interesting hair after.,2024-02-25
649,351,21,2,Assume food run he direction magazine pay.,2024-07-20
650,333,115,3,Film participant positive now somebody apply so often.,2024-01-07
651,876,591,5,Cost party party instead.,2024-06-27
652,673,114,1,Sign example yeah at back then level.,2024-02-23
653,69,232,4,Writer realize improve beyond.,2024-09-12
654,978,104,5,Example front until event.,2024-06-14
655,348,318,5,Trade room next must consumer kitchen.,2024-08-19
656,126,344,4,Serve get who issue information already various.,2024-02-12
657,686,630,1,Determine late where theory along.,2024-05-25
658,15,684,3,Deep short experience enjoy top each majority.,2024-06-27
659,792,98,2,Situation discussion address sport fast where daughter authority.,2024-04-17
660,382,98,4,Send hot truth blood.,2024-06-24
661,886,488,5,Physical generation customer across high.,2024-04-18
662,285,894,1,Weight learn job cultural face move.,2024-04-25
663,80,867,3,Red artist usually series environmental wide.,2024-06-30
664,527,299,3,Tough good most.,2024-04-03
665,72,506,2,Mouth anyone describe discussion.,2024-05-15
666,241,248,5,Strong challenge term scientist generation forget.,2024-09-12
667,898,979,2,Here describe story effort.,2024-02-09
668,360,988,4,Force onto least impact meet.,2024-03-31
669,545,589,3,Available skin develop responsibility war financial.,2024-04-29
670,156,71,4,West memory laugh perform.,2024-10-18
671,1,819,3,Leg down if court.,2024-01-02
672,260,882,1,Best yourself evidence child.,2024-09-15
673,722,97,2,Girl act night behind region class.,2024-06-06
674,875,146,1,News training consumer majority less seat subject.,2024-08-08
675,548,8,4,Item not shoulder view many put stop.,2024-10-09
676,405,885,5,Visit decade health.,2024-07-13
677,591,580,3,Those play center knowledge.,2024-09-28
678,681,681,5,Than teach election together.,2024-07-11
679,176,274,1,Hard produce sort however investment prevent box fly.,2024-08-05
680,348,272,4,Near politics would community mouth move including.,2024-03-04
681,962,853,5,Hair population quite us media thought source face.,2024-04-16
682,708,430,1,Research toward two write real.,2024-03-13
683,615,408,1,Morning early majority article something face short environment.,2024-08-30
684,835,726,1,Modern though truth.,2024-07-17
685,270,791,5,Responsibility protect partner everybody sound care but.,2024-05-20
686,696,499,2,Source that believe.,2024-10-26
687,689,73,4,International environment nature everybody wrong type.,2024-05-29
688,218,458,4,Long stay road dinner.,2024-01-28
689,266,86,2,When attention see who.,2024-03-12
690,525,748,5,Product else area future.,2024-01-02
691,387,920,4,Cost Mrs job consumer seek top outside.,2024-03-18
692,904,763,5,Daughter direction where democratic black customer.,2024-05-12
693,114,62,4,Black form and vote.,2024-11-22
694,989,461,2,Particularly art protect popular today sing.,2024-06-06
695,240,241,1,Serve enjoy design thank.,2024-06-06
696,482,520,2,Recently partner find couple notice wonder.,2024-02-19
697,156,496,2,Determine doctor because.,2024-03-11
698,622,835,5,Second fine resource any attack.,2024-07-23
699,994,22,3,Level government current their who senior campaign.,2024-08-18
700,271,958,5,Plan audience which minute force forward about.,2024-07-09
701,283,98,1,Up final clear direction whom foreign official hold.,2024-11-15
702,815,800,1,Enjoy region again call.,2024-04-28
703,613,166,1,Travel second could fall support.,2024-10-20
704,474,598,3,View ball tonight agree.,2024-04-26
705,597,469,2,On share box since choose foreign.,2024-06-26
706,730,648,5,Including ready base effort summer southern almost design.,2024-09-23
707,112,333,5,Energy everybody hold somebody manager suddenly commercial.,2024-08-23
708,485,157,4,Walk strong onto different data.,2024-09-13
709,472,917,4,Break participant like especially.,2024-08-03
710,174,52,4,Difficult conference allow continue particular paper minute.,2024-07-07
711,888,822,1,Recognize what risk thought.,2024-04-23
712,551,3,2,Rock great along human.,2024-05-30
713,238,164,4,Consumer necessary develop interest debate trip.,2024-10-10
714,489,514,1,Commercial under road present small.,2024-02-28
715,65,137,3,Street woman go various old deal.,2024-09-15
716,810,617,2,Possible skill fish find easy should society along.,2024-07-18
717,705,989,1,Scene it expert fill measure.,2024-11-10
718,192,878,3,Green plan history brother your last bring.,2024-01-28
719,24,859,5,Product many dinner camera.,2024-07-07
720,405,662,1,Store turn politics suffer.,2024-07-23
721,332,712,4,Contain chance soon but arrive.,2024-05-27
722,642,641,1,Market newspaper my small.,2024-03-12
723,406,947,2,Speech theory available research tough.,2024-04-12
724,386,892,4,Edge worry executive.,2024-02-18
725,622,892,3,Think me everything leg rich president.,2024-03-19
726,806,354,2,Young next conference bar best after center.,2024-02-13
727,279,734,4,Measure hair she mention activity turn those.,2024-07-13
728,907,95,3,Like give town soldier.,2024-03-24
729,31,158,2,Money specific service also size join three program.,2024-09-26
730,67,208,1,Save few nature prove administration.,2024-08-28
731,255,200,4,Western natural memory section herself court.,2024-03-27
732,308,838,4,Way general suddenly need.,2024-03-16
733,259,199,4,Heart lawyer his although service decision evening require.,2024-05-22
734,308,268,4,Body ten next home better so.,2024-03-02
735,750,871,1,Successful out mother save majority receive.,2024-05-22
736,899,366,1,Suddenly age listen country order probably.,2024-11-24
737,588,921,4,Two star body box.,2024-07-17
738,11,255,1,Letter to whole focus ok hand plan.,2024-03-20
739,950,992,1,Education alone time.,2024-07-28
740,924,318,1,Civil modern reveal blue pull arrive.,2024-01-16
741,891,148,3,Job be good will card.,2024-01-05
742,445,664,2,Dream sell bring charge site many hour.,2024-06-08
743,355,274,4,Music see right those beat beautiful.,2024-10-31
744,57,362,3,Protect get success blood.,2024-04-26
745,808,747,1,Exist bank exactly perform carry.,2024-04-17
746,951,429,4,Wrong short its.,2024-04-07
747,683,84,2,Statement system month tend.,2024-09-04
748,223,735,1,Still trial whom support visit story not.,2024-01-17
749,205,27,3,Example edge happen.,2024-10-16
750,752,196,3,History will mean save throughout mission rest.,2024-04-01
751,292,305,4,Purpose else radio style represent bed.,2024-04-25
752,43,666,5,Leg program hospital.,2024-01-05
753,427,127,2,Born than news report whatever education.,2024-05-27
754,912,488,5,Continue part north move.,2024-01-05
755,876,362,2,Fly president song organization all.,2024-09-06
756,835,286,5,Nearly company might while Congress admit.,2024-02-28
757,886,140,4,Kid center somebody under themselves late.,2024-02-04
758,270,52,4,Should task goal include important hair.,2024-03-28
759,642,496,2,Key base food matter TV project believe.,2024-07-05
760,945,528,1,Some likely student.,2024-04-19
761,111,92,1,Join identify likely stuff.,2024-06-22
762,676,391,1,About suffer do husband industry.,2024-05-08
763,141,697,3,New view will.,2024-08-02
764,840,156,4,Worry make animal choose establish past allow.,2024-03-01
765,426,540,5,They indicate program rich.,2024-09-25
766,723,530,3,Raise moment brother only adult price care I.,2024-01-26
767,639,339,2,Style nice step onto.,2024-02-06
768,500,397,1,Common scene receive old clearly.,2024-09-08
769,944,780,1,Big trip easy research.,2024-02-08
770,592,433,3,Hope admit avoid real born hair.,2024-04-07
771,450,247,3,Will return it hope look action election defense.,2024-01-24
772,251,330,2,Official respond commercial investment every million.,2024-02-03
773,637,725,4,Feel people decade.,2024-08-04
774,574,919,3,Leave decide follow discuss something.,2024-08-14
775,478,17,5,Game street ever employee east piece.,2024-02-12
776,285,537,4,Friend consumer market culture less near.,2024-04-20
777,362,266,1,Between executive upon natural.,2024-07-22
778,92,822,1,Child student blue address assume.,2024-05-03
779,749,919,5,Focus son lot employee reduce debate property.,2024-10-23
780,324,526,3,Develop real movie sing city subject Mr unit.,2024-10-05
781,77,733,3,By quality respond enter.,2024-10-06
782,986,101,2,Stock necessary at certainly.,2024-08-26
783,946,264,2,Tv support direction travel.,2024-01-13
784,901,947,4,Data present act finally yes kitchen benefit.,2024-07-10
785,384,57,1,Pass model discover expert training federal.,2024-11-14
786,309,654,5,Take what benefit if pick but sell job.,2024-08-02
787,839,316,5,Fund well thus trade open when.,2024-08-08
788,759,421,5,Space management lay special.,2024-10-24
789,827,490,5,Dream pull decision hair goal long.,2024-11-21
790,813,767,5,Piece right soldier material.,2024-10-03
791,940,478,5,Feeling national their subject with.,2024-03-10
792,380,155,1,Grow least sing maintain.,2024-01-24
793,619,624,2,Husband candidate station family group.,2024-08-23
794,479,285,3,Style peace guy significant from Mr.,2024-01-21
795,446,369,1,Act read away night whatever according nothing.,2024-02-03
796,564,379,5,Wear agreement score election.,2024-03-20
797,661,717,4,Product exist water task value.,2024-10-19
798,4,1,3,Try base huge than low against.,2024-06-25
799,999,512,1,My town section assume sport sit.,2024-02-07
800,533,34,4,Soldier same letter type realize character.,2024-10-15
801,510,155,3,Church enough gas someone surface game moment.,2024-08-21
802,857,75,5,Professor should group model.,2024-02-01
803,737,751,1,Break happy system live.,2024-03-07
804,627,533,4,Campaign program moment wall pull.,2024-06-10
805,510,302,2,Then manager behavior way fly activity along.,2024-10-15
806,465,270,2,Machine reality support after under.,2024-08-01
807,418,365,4,Exactly investment carry at again back.,2024-11-06
808,753,279,4,Idea itself national suddenly senior off south which.,2024-11-23
809,343,855,5,Prove player five most head focus question.,2024-04-01
810,738,164,5,My pressure local apply rock decision she.,2024-06-12
811,411,868,1,Show idea consider town.,2024-05-19
812,607,222,5,History child single approach old thousand him.,2024-03-13
813,772,67,2,All accept wear science.,2024-11-18
814,697,898,2,Because action increase daughter member building wife less.,2024-04-03
815,302,182,1,Majority indicate head again leave.,2024-02-18
816,399,54,1,Knowledge clearly itself hospital fact over his.,2024-04-22
817,419,503,3,Source impact physical support.,2024-04-12
818,392,631,2,Yes stop sometimes mind.,2024-03-07
819,916,48,5,Serious up between.,2024-03-14
820,580,853,1,Police thus ball all enter describe this.,2024-09-07
821,97,557,3,Such one court class one rock strong cup.,2024-11-16
822,718,292,2,Bad major part scientist sister painting.,2024-06-12
823,540,959,1,Their including less within.,2024-04-28
824,641,28,4,Great clear participant brother free another door easy.,2024-04-02
825,124,421,1,Would road day as leave seat child area.,2024-06-20
826,841,178,2,According agent or how.,2024-01-29
827,85,821,4,Decide agree individual us leave lose pretty who.,2024-10-11
828,485,644,5,Not camera either protect.,2024-01-11
829,355,649,4,Continue though agency Congress book challenge summer.,2024-09-19
830,906,425,5,Worker mouth interesting peace soon measure.,2024-05-13
831,53,57,1,Picture office three popular agency today.,2024-06-16
832,364,461,3,Gun what leg arrive card.,2024-05-05
833,414,115,3,Technology where sometimes.,2024-02-02
834,763,526,5,Situation fish like size town.,2024-10-05
835,326,154,5,Good claim camera rise music him support suffer.,2024-10-30
836,563,911,5,Career somebody today pretty choose audience.,2024-02-15
837,854,356,4,Especially teacher executive base not mission however mention.,2024-06-02
838,522,943,1,Church focus man.,2024-03-03
839,780,124,4,Bit effort car yet.,2024-11-23
840,103,629,4,Law one whatever center.,2024-11-09
841,53,43,3,Our city billion student always little job.,2024-04-22
842,131,449,2,Although mention about campaign population.,2024-11-07
843,915,938,1,For again phone pull head despite fast.,2024-08-23
844,24,822,5,Item or must hour.,2024-09-12
845,603,631,3,Agent race pressure until public less take.,2024-05-28
846,517,898,2,A list relate finish.,2024-11-11
847,909,958,2,Rise open account such most art.,2024-08-20
848,592,230,2,Show yourself data thus somebody become lay position.,2024-11-26
849,237,691,2,Art cultural the each affect also within.,2024-05-08
850,504,120,4,That seek lay data.,2024-09-19
851,139,626,1,Give song morning never relationship.,2024-11-01
852,549,731,4,Other what right power half.,2024-05-13
853,533,843,5,A first tell number one direction address.,2024-10-12
854,235,893,3,Bit under baby Mr.,2024-09-22
855,796,273,2,Return including home a wife learn.,2024-08-07
856,688,257,2,Nation cause want bring pull throughout.,2024-11-02
857,290,877,2,Travel late benefit site modern perform foot.,2024-10-06
858,8,239,1,Lay moment investment charge situation manage become.,2024-08-09
859,578,139,1,Close end break recently doctor.,2024-05-16
860,835,155,3,Fast under threat claim character which imagine.,2024-02-20
861,512,490,3,Maintain this minute control.,2024-04-02
862,956,486,2,Price remember international then practice sound.,2024-03-03
863,278,852,5,Dark economy first necessary.,2024-08-15
864,28,352,5,Campaign themselves base wife send save.,2024-05-22
865,645,378,1,Name throw everybody trial over.,2024-07-01
866,989,769,4,Level many husband.,2024-01-22
867,823,393,1,Stay inside song attorney benefit star data rule.,2024-05-30
868,70,874,5,Star indicate safe well capital capital himself.,2024-06-01
869,299,191,4,Able miss security federal.,2024-08-17
870,433,644,3,Job remain end line win sport system.,2024-03-27
871,682,508,5,Send production husband join mother.,2024-07-22
872,214,130,1,Money tree available maintain young base.,2024-07-02
873,182,382,4,Easy wrong feeling direction enter.,2024-05-31
874,709,583,1,Result entire us clearly approach series analysis.,2024-10-08
875,870,136,1,Sound stuff ability write go ago.,2024-02-15
876,196,209,3,Before wait upon however quite.,2024-09-21
877,214,598,1,Kid nature man traditional hope.,2024-02-01
878,855,920,1,Meeting small specific huge.,2024-10-02
879,488,679,1,Have the movie.,2024-01-26
880,596,514,2,City central wall receive.,2024-05-29
881,836,648,4,Meet play our suffer blue land hand city.,2024-04-30
882,905,373,3,Full drop meet ground.,2024-06-16
883,400,210,5,Here yourself idea early.,2024-07-12
884,231,313,3,Can have environmental morning west man land land.,2024-11-04
885,693,939,1,Congress scientist ahead weight whose painting.,2024-11-08
886,919,873,1,Race himself example.,2024-05-10
887,447,692,2,Relate apply affect establish employee modern order.,2024-09-28
888,606,974,2,Could stuff old.,2024-01-11
889,740,602,2,Story table series family pass respond.,2024-09-09
890,713,89,5,Alone bar him join.,2024-10-25
891,748,235,5,Nor little man remember.,2024-08-03
892,591,605,1,College also travel institution probably look.,2024-05-24
893,874,307,1,Cause job weight next.,2024-10-25
894,810,217,2,Goal remember ball still maybe save establish.,2024-09-29
895,267,657,3,Teach senior me game million language.,2024-07-28
896,673,929,2,Choice third anything method.,2024-07-15
897,512,385,2,Toward no why green.,2024-08-14
898,149,333,3,Special window picture sound finish.,2024-08-02
899,369,983,4,Able address gun daughter specific right.,2024-05-01
900,341,462,2,Score support begin center image draw.,2024-04-03
901,969,365,5,Exist ok down ball grow.,2024-04-18
902,181,139,1,What doctor really performance within draw piece.,2024-06-17
903,332,189,3,Suddenly officer former enough likely adult.,2024-10-24
904,706,530,2,Charge need truth return maintain total.,2024-08-28
905,815,643,3,Night address western beat speech.,2024-10-29
906,362,665,4,Stop TV teach pattern lose young away piece.,2024-03-31
907,829,152,2,Along toward pressure bad whether base career.,2024-06-24
908,54,415,4,Research best threat serve between worker seem cost.,2024-01-03
909,342,661,3,Each smile million staff administration cell.,2024-11-08
910,427,715,3,Wonder behavior probably this not.,2024-02-22
911,686,201,2,Exist although around like wide exist.,2024-01-16
912,612,550,1,History in that the site through kid.,2024-02-27
913,366,240,3,Themselves discussion eat animal.,2024-06-03
914,956,359,2,Assume if wrong few.,2024-09-11
915,288,777,3,Former future do film office bag.,2024-06-30
916,152,393,2,Realize suffer worry nature enough when.,2024-07-23
917,261,1000,2,Some force anyone amount maintain.,2024-03-16
918,570,770,3,Source economy laugh environmental her hour.,2024-06-27
919,807,894,3,Only staff yet specific decide national.,2024-08-06
920,872,511,3,Sport fish part finish threat human others represent.,2024-09-11
921,600,931,2,Call health impact science record fight.,2024-01-21
922,201,705,4,Together look later family.,2024-02-01
923,658,840,1,Crime moment at population former by bank these.,2024-07-18
924,389,532,4,Eat project have speak level outside.,2024-02-01
925,440,357,2,Deep various society.,2024-10-18
926,895,46,1,Company ever tough same card.,2024-02-04
927,802,948,3,Ever present price service own yet after.,2024-08-14
928,467,581,4,Various newspaper effect.,2024-07-14
929,765,733,2,Hit edge turn throughout instead.,2024-09-06
930,40,274,3,Suddenly staff statement control edge people.,2024-02-29
931,391,82,2,Treat smile eat wish determine education now.,2024-04-24
932,308,855,4,Purpose manage actually everybody.,2024-03-20
933,266,415,2,Tree weight large into energy billion whole pattern.,2024-02-21
934,941,282,3,Point majority though whom financial.,2024-03-29
935,763,706,1,Memory method baby face campaign.,2024-10-29
936,907,981,3,Ten long common prove fear.,2024-10-07
937,987,429,3,Protect recent why western yourself positive gun account.,2024-07-29
938,805,856,3,Effect avoid pattern and.,2024-10-31
939,235,276,3,Such simple international on family increase.,2024-11-02
940,466,900,2,Media leader factor structure maintain.,2024-04-02
941,757,925,1,Worry likely financial business same family.,2024-01-17
942,640,82,2,Fear key truth type factor administration away.,2024-02-01
943,705,59,1,Population message performance market girl smile.,2024-11-21
944,742,315,4,Gun identify in quality wish.,2024-05-30
945,511,757,4,Within second network police.,2024-01-21
946,363,129,2,Economy soon note.,2024-08-01
947,803,716,1,Customer herself open able strong word.,2024-01-10
948,75,876,2,Big person husband lose all large very fill.,2024-05-18
949,328,80,4,Simple bit life season.,2024-09-18
950,912,914,3,Far try time service.,2024-09-22
951,404,310,4,I author back open painting suggest we industry.,2024-11-16
952,651,183,4,About enough start truth.,2024-07-03
953,652,733,4,Successful leader eye whole wait democratic last.,2024-06-30
954,704,224,1,Parent old sense where listen card west.,2024-01-03
955,304,835,2,Professor personal project free professor.,2024-07-29
956,87,943,2,Car dream administration price smile carry.,2024-01-16
957,760,755,1,Wish figure Democrat take worker.,2024-04-10
958,951,939,1,Economic region political present baby approach general.,2024-06-23
959,144,383,2,Worker truth dog wait.,2024-10-25
960,336,69,1,Produce beat develop positive.,2024-08-22
961,775,35,2,Blue somebody institution against play site dark entire.,2024-02-14
962,614,861,4,Us practice hit job with store.,2024-02-14
963,235,836,3,Opportunity discussion collection law indicate second.,2024-05-10
964,207,225,4,Change north note kind possible subject alone.,2024-02-03
965,271,902,2,Make wrong ability mission represent bill build.,2024-11-16
966,836,977,3,Indeed mind color success.,2024-11-15
967,781,926,5,Real employee statement difference record.,2024-05-31
968,487,204,2,Play billion clearly race law.,2024-09-20
969,695,955,3,How difference attack idea of.,2024-05-13
970,528,310,4,Century pull end push look.,2024-09-10
971,346,188,4,Analysis woman college authority agent performance language however.,2024-10-05
972,640,140,3,Should size represent ball allow energy these.,2024-01-27
973,74,6,1,Play wide finish off evidence service.,2024-05-08
974,121,555,5,Collection fill carry like sure.,2024-04-27
975,457,503,5,Weight pass human enjoy campaign region artist.,2024-01-15
976,549,833,4,Adult they campaign likely ready practice.,2024-04-19
977,613,269,3,Specific meet activity dog.,2024-03-10
978,606,599,5,First when mission whether civil who great.,2024-11-21
979,456,131,1,Floor call tax bar design image.,2024-08-22
980,569,893,1,Discuss from about customer.,2024-04-21
981,721,366,2,Road than when friend.,2024-02-21
982,328,740,3,Feel daughter seem bring be simple.,2024-04-21
983,757,402,3,New car thought them agent least.,2024-08-24
984,584,436,2,Hit husband not material doctor.,2024-01-12
985,285,780,5,Would just there among include police popular successful.,2024-11-16
986,576,70,3,Lead yourself herself sport.,2024-07-10
987,907,3,3,Offer when economic over strong purpose add.,2024-09-21
988,477,741,1,Country fish watch stay near.,2024-10-07
989,374,512,4,Idea return your.,2024-02-04
990,31,831,1,Game shoulder business make thank letter case.,2024-08-23
991,787,331,3,Question edge like drop.,2024-07-16
992,427,548,3,Middle care minute practice.,2024-04-23
993,868,624,2,Boy represent security person among too.,2024-01-19
994,866,209,3,Statement show year would view.,2024-06-25
995,244,196,3,Value common executive anything.,2024-08-13
996,27,772,2,Break edge visit else apply stuff.,2024-08-19
997,716,11,5,Common as agreement ground mouth.,2024-02-06
998,613,418,1,So prepare run before ready step.,2024-08-28
999,620,559,1,Pressure opportunity during sea big whether source my.,2024-09-25
1000,301,284,4,Decade speech current affect north Mrs argue.,2024-07-06
